Ticker,Sector,Accuracy
CITZ,Financial Services,0.9252
SENEB,Consumer Defensive,0.8716
CAFI,Financial Services,0.871
VIDE,Technology,0.8504
LBTYB,Communication Services,0.8305
MCBI,Financial Services,0.8291
HAUP,Technology,0.8209
QKLS,Consumer Defensive,0.8173
KELYB,Industrials,0.8152
DGICB,Financial Services,0.8121
MCBK,Financial Services,0.8082
AIB,Financial Services,0.8037
LOCM,Communication Services,0.7909
RITT,Technology,0.7845
MAYS,Real Estate,0.7832
LTRE,Consumer Defensive,0.7812
QCCO,Financial Services,0.7801
AMCF,Energy,0.7756
ROMA,Industrials,0.7692
CYCCP,Healthcare,0.7653
RDIB,Communication Services,0.7627
CFNB,Financial Services,0.7567
AGM-A,Financial Services,0.749
PFBX,Financial Services,0.7485
AVHI,Financial Services,0.7478
ESMC,Healthcare,0.7475
ASCA,Financial Services,0.7475
ENZN,Healthcare,0.7445
CPWR,Utilities,0.7438
ORBT,Industrials,0.7412
NASB,Financial Services,0.7395
FORTY,Technology,0.7385
VBFC,Financial Services,0.7349
TORM,Basic Materials,0.73
FALC,Technology,0.7269
UNAM,Financial Services,0.7258
GYRO,Real Estate,0.7226
OFED,Financial Services,0.7209
ROYL,Energy,0.7201
MEIL,Financial Services,0.7201
STI,Industrials,0.7188
HMNY,Technology,0.717
PNBK,Financial Services,0.7146
HFBL,Financial Services,0.7146
MGYR,Financial Services,0.7146
NAUH,Consumer Defensive,0.7137
DYSL,Technology,0.7114
THST,Consumer Defensive,0.711
STLY,Financial Services,0.7086
CACH,Consumer Cyclical,0.706
BGMD,Healthcare,0.7059
TWER,Communication Services,0.705
AQU,Financial Services,0.7027
PNRG,Energy,0.6988
LSBK,Financial Services,0.6986
EAC,Financial Services,0.6974
PRE,Healthcare,0.6957
ACFN,Technology,0.6926
PSIX,Industrials,0.6906
GIGA,Technology,0.6906
WAYN,Financial Services,0.6866
NWBO,Healthcare,0.6866
WVFC,Financial Services,0.6866
CDTI,Consumer Cyclical,0.6866
EMMS,Communication Services,0.6851
QBAK,Industrials,0.6834
GLBZ,Financial Services,0.6826
PRKR,Technology,0.6826
RELV,Consumer Defensive,0.6818
NEWP,Basic Materials,0.6792
EMITF,Healthcare,0.6733
SYT,Technology,0.6731
BSPM,Healthcare,0.6727
TCCO,Technology,0.6707
IROQ,Financial Services,0.6707
RAND,Financial Services,0.6707
MRGE,Energy,0.6689
XTLB,Healthcare,0.6687
OPHC,Financial Services,0.6687
KCLI,Financial Services,0.6687
NECB,Financial Services,0.6667
FREE,Consumer Defensive,0.6653
BIOF,Basic Materials,0.6627
AMTD,Financial Services,0.6568
OXLCO,Financial Services,0.6567
ELSE,Technology,0.6567
CMCO,Industrials,0.6567
GLBS,Industrials,0.6547
SGRP,Industrials,0.6527
NU,Financial Services,0.6525
BEBE,Industrials,0.6519
MARPS,Energy,0.6513
ATLO,Financial Services,0.6507
PDI,Financial Services,0.6507
OVLY,Financial Services,0.6487
ACST,Healthcare,0.6487
INTG,Consumer Cyclical,0.648
STR,Energy,0.6469
ICFI,Industrials,0.6467
NTWK,Technology,0.6467
DGLY,Communication Services,0.6467
CHNR,Industrials,0.6447
ARLP,Energy,0.6447
NURO,Healthcare,0.6447
PBHC,Financial Services,0.644
CFBK,Financial Services,0.6427
OB,Communication Services,0.6423
LAMR,Real Estate,0.6407
UBSI,Financial Services,0.6407
BYFC,Financial Services,0.6407
DYNT,Healthcare,0.6407
FTEK,Industrials,0.6407
RGCO,Utilities,0.6387
GEVO,Basic Materials,0.6387
BELFA,Technology,0.6387
CCUR,Technology,0.6377
AWRE,Technology,0.6367
NSYS,Healthcare,0.6367
RDI,Communication Services,0.6367
GENE,Healthcare,0.6367
ACUR,Healthcare,0.6366
EZPW,Financial Services,0.6347
ASPS,Real Estate,0.6347
NUS,Consumer Defensive,0.6347
TREE,Financial Services,0.6347
BRC,Industrials,0.6347
TRC,Industrials,0.6347
SWI,Technology,0.6341
AMBI,Industrials,0.6333
EVOL,Technology,0.6327
CLWT,Industrials,0.6327
KOSS,Technology,0.6327
TRST,Financial Services,0.6307
MVIS,Technology,0.6307
PDCO,Healthcare,0.6307
SILC,Technology,0.6307
BKT,Financial Services,0.6307
BLRX,Healthcare,0.6307
BPOP,Financial Services,0.6307
GURE,Basic Materials,0.6307
RGC,Healthcare,0.6304
WILC,Consumer Defensive,0.6298
CIZN,Financial Services,0.6287
ECPG,Financial Services,0.6287
CYCC,Healthcare,0.6287
LYTS,Technology,0.6287
VRTS,Financial Services,0.6287
ALEX,Real Estate,0.6287
TR,Consumer Defensive,0.6287
MGIC,Technology,0.6287
SOL,Technology,0.6287
BUR,Financial Services,0.6286
ANTH,Healthcare,0.6269
FCFS,Financial Services,0.6267
CREG,Utilities,0.6267
SCSC,Technology,0.6267
CPHC,Consumer Cyclical,0.6267
ITIC,Financial Services,0.6267
MNOV,Healthcare,0.6267
MEOH,Basic Materials,0.6267
GTIM,Consumer Cyclical,0.6267
CZWI,Financial Services,0.6267
HMNF,Financial Services,0.6267
OPTT,Industrials,0.6267
OPOF,Financial Services,0.6267
ALTR,Technology,0.6265
DCTH,Healthcare,0.6254
RCON,Energy,0.6248
ELTK,Technology,0.6248
VRTX,Healthcare,0.6248
DXYN,Consumer Cyclical,0.6248
VRA,Consumer Cyclical,0.6248
AIF,Financial Services,0.6248
GENC,Industrials,0.6248
GILT,Technology,0.6248
PDEX,Healthcare,0.6248
GOGO,Communication Services,0.6248
RBCN,Technology,0.6248
NCTY,Financial Services,0.6248
SAFT,Financial Services,0.6248
TRAK,Technology,0.6248
BUI,Financial Services,0.6248
SOHO,Real Estate,0.6248
KFFB,Financial Services,0.6248
USAC,Energy,0.6248
PTIX,Healthcare,0.6242
SAI,Financial Services,0.6241
SMIT,Technology,0.6237
CERE,Healthcare,0.6237
IPDN,Industrials,0.6232
GAME,Communication Services,0.623
IDCC,Technology,0.6228
RMTI,Healthcare,0.6228
PATK,Consumer Cyclical,0.6228
RIGL,Healthcare,0.6228
AFL,Financial Services,0.6228
MARK,Technology,0.6228
SIEB,Financial Services,0.6228
XOMA,Healthcare,0.6228
MNTX,Industrials,0.6228
FFC,Financial Services,0.6208
ABIO,Healthcare,0.6208
SCL,Basic Materials,0.6208
PII,Consumer Cyclical,0.6208
TM,Consumer Cyclical,0.6208
SIFY,Communication Services,0.6208
TAIT,Technology,0.6208
MSEX,Utilities,0.6208
PNI,Financial Services,0.6208
COHU,Technology,0.6208
HTHT,Consumer Cyclical,0.6208
DSWL,Technology,0.6208
TLYS,Consumer Cyclical,0.6208
OMEX,Industrials,0.6208
PKG,Consumer Cyclical,0.6208
TSRI,Technology,0.6208
BCE,Communication Services,0.6208
FCAP,Financial Services,0.6208
ORAN,Communication Services,0.6208
UTF,Financial Services,0.6188
SID,Basic Materials,0.6188
SF,Financial Services,0.6188
PAC,Industrials,0.6188
NEPT,Healthcare,0.6188
BRID,Consumer Defensive,0.6188
APWC,Industrials,0.6188
TCI,Real Estate,0.6188
RUSHB,Consumer Cyclical,0.6188
INFN,Technology,0.6188
BIT,Financial Services,0.6188
NTG,Financial Services,0.6188
TNXP,Healthcare,0.6188
FRBK,Financial Services,0.6188
NFBK,Financial Services,0.6188
FLEX,Technology,0.6188
POL,Consumer Cyclical,0.6183
PT,Financial Services,0.6182
RWT,Real Estate,0.6168
SSNC,Technology,0.6168
BXC,Industrials,0.6168
RGLS,Healthcare,0.6168
TRMB,Technology,0.6168
BIOL,Healthcare,0.6168
SHO,Real Estate,0.6168
BECN,Industrials,0.6168
RCKY,Consumer Cyclical,0.6168
PAG,Consumer Cyclical,0.6168
SCX,Industrials,0.6168
PEO,Financial Services,0.6168
GCBC,Financial Services,0.6168
ENTA,Healthcare,0.6168
UTMD,Healthcare,0.6168
NBN,Financial Services,0.6168
AHT,Real Estate,0.6168
VALU,Financial Services,0.6168
PERF,Technology,0.6164
GPOR,Energy,0.6164
VAL,Energy,0.6149
SHIP,Industrials,0.6148
TRGP,Energy,0.6148
CAR,Industrials,0.6148
CRIS,Healthcare,0.6148
TZOO,Communication Services,0.6148
CYAN,Consumer Defensive,0.6148
OSUR,Healthcare,0.6148
OLN,Basic Materials,0.6148
CHY,Financial Services,0.6148
KEQU,Consumer Cyclical,0.6148
BHLB,Financial Services,0.6148
FORD,Consumer Cyclical,0.6148
CTHR,Consumer Cyclical,0.6148
ZTS,Healthcare,0.6148
NWLI,Financial Services,0.6148
AEO,Consumer Cyclical,0.6148
NRIM,Financial Services,0.6148
VALE,Basic Materials,0.6148
YELP,Communication Services,0.6148
ISRL,Financial Services,0.614
COCO,Consumer Defensive,0.6129
FI,Technology,0.6128
EBMT,Financial Services,0.6128
CPSS,Financial Services,0.6128
BEN,Financial Services,0.6128
BOKF,Financial Services,0.6128
MDXG,Healthcare,0.6128
FOSL,Consumer Cyclical,0.6128
SJW,Utilities,0.6128
CHCO,Financial Services,0.6128
IRWD,Healthcare,0.6128
BSAC,Financial Services,0.6128
NSP,Industrials,0.6128
AB,Financial Services,0.6128
CVLT,Technology,0.6128
RBCAA,Financial Services,0.6128
NLST,Technology,0.6128
LTBR,Industrials,0.6128
REFR,Technology,0.6128
KMDA,Healthcare,0.6128
BXMT,Real Estate,0.6128
GROW,Financial Services,0.6128
PWOD,Financial Services,0.6128
CSTE,Industrials,0.6128
CAH,Healthcare,0.6128
LUNA,Technology,0.6128
AN,Consumer Cyclical,0.6128
ORN,Industrials,0.6128
ACT,Financial Services,0.6124
ANF,Consumer Cyclical,0.6108
BP,Energy,0.6108
RGR,Industrials,0.6108
UGI,Utilities,0.6108
LWAY,Consumer Defensive,0.6108
SANW,Consumer Defensive,0.6108
AMRN,Healthcare,0.6108
VNDA,Healthcare,0.6108
NTZ,Consumer Cyclical,0.6108
BIDU,Communication Services,0.6108
CRNT,Technology,0.6108
PFMT,Industrials,0.6108
PEBO,Financial Services,0.6108
XIN,Real Estate,0.6108
BKU,Financial Services,0.6108
GRVY,Communication Services,0.6108
ODP,Consumer Cyclical,0.6108
TG,Industrials,0.6108
TYG,Financial Services,0.6108
OPK,Healthcare,0.6108
ALX,Real Estate,0.6108
ASRV,Financial Services,0.6108
ESEA,Industrials,0.6108
CBAN,Financial Services,0.6108
EGLE,Industrials,0.6104
OPEN,Real Estate,0.6094
RSG,Industrials,0.6088
ARI,Real Estate,0.6088
NCMI,Communication Services,0.6088
NATR,Consumer Defensive,0.6088
SAH,Consumer Cyclical,0.6088
MIND,Technology,0.6088
A,Healthcare,0.6088
OXY,Energy,0.6088
PLUS,Technology,0.6088
PFL,Financial Services,0.6088
HALO,Healthcare,0.6088
PM,Consumer Defensive,0.6088
BYM,Financial Services,0.6088
BKSC,Financial Services,0.6088
FENG,Communication Services,0.6088
UHAL,Industrials,0.6088
BSBR,Financial Services,0.6088
HSON,Industrials,0.6088
HTLF,Financial Services,0.6088
CVLY,Financial Services,0.6088
AMG,Financial Services,0.6088
RCS,Financial Services,0.6088
CECO,Industrials,0.6088
CPLP,Industrials,0.6088
NX,Industrials,0.6088
PFE,Healthcare,0.6088
BCRX,Healthcare,0.6068
BLDP,Industrials,0.6068
MNDO,Technology,0.6068
CARV,Financial Services,0.6068
ARR,Real Estate,0.6068
ZEUS,Basic Materials,0.6068
CMRX,Healthcare,0.6068
DLTR,Consumer Defensive,0.6068
STNG,Energy,0.6068
AEF,Financial Services,0.6068
TX,Basic Materials,0.6068
STN,Industrials,0.6068
SXC,Basic Materials,0.6068
TD,Financial Services,0.6068
KFRC,Industrials,0.6068
TMO,Healthcare,0.6068
TS,Energy,0.6068
HIHO,Industrials,0.6068
ATOS,Healthcare,0.6068
HEES,Industrials,0.6068
UNB,Financial Services,0.6068
FIBK,Financial Services,0.6068
AGCO,Industrials,0.6068
LFVN,Consumer Defensive,0.6068
VSAT,Technology,0.6068
SFL,Industrials,0.6068
BRT,Real Estate,0.6068
TIPT,Financial Services,0.6068
TFSL,Financial Services,0.6068
AVT,Technology,0.6068
BGR,Financial Services,0.6068
RY,Financial Services,0.6068
NAII,Consumer Defensive,0.6068
BMO,Financial Services,0.6068
RNP,Financial Services,0.6068
NEWT,Financial Services,0.6048
EDAP,Healthcare,0.6048
FF,Basic Materials,0.6048
ESSA,Financial Services,0.6048
TSBK,Financial Services,0.6048
IMMR,Technology,0.6048
PNFP,Financial Services,0.6048
SSP,Communication Services,0.6048
BMRC,Financial Services,0.6048
SBFG,Financial Services,0.6048
TRS,Consumer Cyclical,0.6048
SBSI,Financial Services,0.6048
RDCM,Communication Services,0.6048
STBA,Financial Services,0.6048
BBGI,Communication Services,0.6048
AHT-PD,Real Estate,0.6048
THRM,Consumer Cyclical,0.6048
TECH,Healthcare,0.6048
PX,Financial Services,0.6048
GIGM,Communication Services,0.6048
AMX,Communication Services,0.6048
EXLS,Technology,0.6048
EWBC,Financial Services,0.6048
TWO,Real Estate,0.6048
KOPN,Technology,0.6048
TMUS,Communication Services,0.6048
RHI,Industrials,0.6048
RHP,Real Estate,0.6048
SPLP,Industrials,0.6048
SPR,Industrials,0.6048
WYNN,Consumer Cyclical,0.6048
BLX,Financial Services,0.6048
MKSI,Technology,0.6048
ORMP,Healthcare,0.6048
V,Financial Services,0.6048
SJM,Consumer Defensive,0.6048
BFS,Real Estate,0.6048
SCD,Financial Services,0.6048
CALM,Consumer Defensive,0.6048
CHTR,Communication Services,0.6048
USNA,Consumer Defensive,0.6048
MRCC,Financial Services,0.6048
RRTS,Industrials,0.604
ASG,Financial Services,0.6028
TNC,Industrials,0.6028
TTI,Energy,0.6028
IIIN,Industrials,0.6028
STKL,Consumer Defensive,0.6028
SVVC,Financial Services,0.6028
PLCE,Consumer Cyclical,0.6028
CRUS,Technology,0.6028
UDR,Real Estate,0.6028
IRDM,Communication Services,0.6028
FEIM,Technology,0.6028
SOFO,Technology,0.6028
IRBT,Consumer Cyclical,0.6028
AXDX,Healthcare,0.6028
CUBA,Financial Services,0.6028
FEI,Financial Services,0.6028
NEON,Technology,0.6028
TAYD,Industrials,0.6028
PDS,Energy,0.6028
RNR,Financial Services,0.6028
TFX,Healthcare,0.6028
PRI,Financial Services,0.6028
FCN,Industrials,0.6028
SFBC,Financial Services,0.6028
TDW,Energy,0.6028
DAKT,Technology,0.6028
AGIO,Healthcare,0.6028
IBOC,Financial Services,0.6028
RM,Financial Services,0.6028
PKE,Industrials,0.6028
STXS,Healthcare,0.6028
POWI,Technology,0.6028
AMBC,Financial Services,0.6028
BEAM,Healthcare,0.6019
TLF,Consumer Cyclical,0.6012
RPRX,Healthcare,0.601
UG,Consumer Defensive,0.6008
ACLS,Technology,0.6008
IEP,Energy,0.6008
GGAL,Financial Services,0.6008
UTSI,Technology,0.6008
PTY,Financial Services,0.6008
ALK,Industrials,0.6008
GNTX,Consumer Cyclical,0.6008
PFSI,Financial Services,0.6008
HA,Industrials,0.6008
USLM,Basic Materials,0.6008
TPZ,Financial Services,0.6008
PHI,Communication Services,0.6008
TROX,Basic Materials,0.6008
PH,Industrials,0.6008
PAAS,Basic Materials,0.6008
BGY,Financial Services,0.6008
JAKK,Consumer Cyclical,0.6008
CDXS,Healthcare,0.6008
BTT,Financial Services,0.6008
TRNS,Industrials,0.6008
SMP,Consumer Cyclical,0.6008
AEZS,Healthcare,0.6008
BRKL,Financial Services,0.6008
ASH,Basic Materials,0.6008
DXPE,Industrials,0.6008
APAM,Financial Services,0.6008
SMG,Basic Materials,0.6008
SHOO,Consumer Cyclical,0.6008
BPT,Energy,0.6008
OC,Industrials,0.6008
ATRO,Industrials,0.6008
FFIC,Financial Services,0.6008
CFFI,Financial Services,0.6008
AIRT,Industrials,0.6008
CLRO,Technology,0.6008
CNOB,Financial Services,0.6008
SHG,Financial Services,0.6008
FANG,Energy,0.6008
MACK,Healthcare,0.6008
SCCO,Basic Materials,0.6008
STEM,Technology,0.5989
ZION,Financial Services,0.5988
UAN,Basic Materials,0.5988
OXLC,Financial Services,0.5988
HOLX,Healthcare,0.5988
CCOI,Communication Services,0.5988
SRPT,Healthcare,0.5988
WVVI,Consumer Defensive,0.5988
VAC,Consumer Cyclical,0.5988
CDZI,Utilities,0.5988
GLDD,Industrials,0.5988
WTFC,Financial Services,0.5988
ANIK,Healthcare,0.5988
PDT,Financial Services,0.5988
FMNB,Financial Services,0.5988
ALGN,Healthcare,0.5988
ALOT,Technology,0.5988
PPC,Consumer Defensive,0.5988
CME,Financial Services,0.5988
ACGL,Financial Services,0.5988
PBA,Energy,0.5988
EXPO,Industrials,0.5988
PHD,Financial Services,0.5988
ARTNA,Utilities,0.5988
GILD,Healthcare,0.5988
BDX,Healthcare,0.5988
RNST,Financial Services,0.5988
BSRR,Financial Services,0.5988
DLHC,Industrials,0.5988
AWI,Industrials,0.5988
ARW,Technology,0.5988
STM,Technology,0.5988
INSM,Healthcare,0.5988
HWKN,Basic Materials,0.5988
TATT,Industrials,0.5988
JVA,Consumer Defensive,0.5988
TRIP,Consumer Cyclical,0.5988
LTRX,Technology,0.5988
LAND,Real Estate,0.5988
NKSH,Financial Services,0.5988
RCL,Consumer Cyclical,0.5988
THS,Consumer Defensive,0.5988
LMAT,Healthcare,0.5988
RDY,Healthcare,0.5988
NICE,Technology,0.5988
SMRT,Technology,0.5985
FOXA,Communication Services,0.5977
STEL,Financial Services,0.5975
ALTI,Financial Services,0.5973
AROW,Financial Services,0.5968
REX,Basic Materials,0.5968
ARTW,Industrials,0.5968
TARO,Healthcare,0.5968
HRZN,Financial Services,0.5968
FFNW,Financial Services,0.5968
NVAX,Healthcare,0.5968
FELE,Industrials,0.5968
RCI,Communication Services,0.5968
ALNY,Healthcare,0.5968
ALLT,Technology,0.5968
ALCO,Consumer Defensive,0.5968
VLGEA,Consumer Defensive,0.5968
PZC,Financial Services,0.5968
IVAC,Industrials,0.5968
TKR,Industrials,0.5968
AIR,Industrials,0.5968
STRM,Healthcare,0.5968
AES,Utilities,0.5968
NSSC,Industrials,0.5968
ROK,Industrials,0.5968
MPB,Financial Services,0.5968
SMMF,Financial Services,0.5968
BGS,Consumer Defensive,0.5968
CHCI,Real Estate,0.5968
NATH,Consumer Cyclical,0.5968
CBOE,Financial Services,0.5968
SSBI,Financial Services,0.5968
DGICA,Financial Services,0.5968
NEOG,Healthcare,0.5968
SOR,Financial Services,0.5968
BTZ,Financial Services,0.5968
SASR,Financial Services,0.5968
OIS,Energy,0.5968
SALM,Communication Services,0.5968
BOTJ,Financial Services,0.5968
C,Financial Services,0.5968
BJRI,Consumer Cyclical,0.5968
FDX,Industrials,0.5968
TSLA,Consumer Cyclical,0.5968
RELL,Technology,0.5968
RAIL,Industrials,0.5968
AIT,Industrials,0.5968
EQIX,Real Estate,0.5968
ATEC,Healthcare,0.5968
GERN,Healthcare,0.5968
GEOS,Energy,0.5968
PHK,Financial Services,0.5968
TSM,Technology,0.5968
AXS,Financial Services,0.5968
PUK,Financial Services,0.5968
AWR,Utilities,0.5968
URBN,Consumer Cyclical,0.5968
OTTR,Utilities,0.5968
OMCL,Healthcare,0.5968
UNM,Financial Services,0.5968
USEG,Energy,0.5968
HBIO,Healthcare,0.5968
BMR,Technology,0.5965
ONCY,Healthcare,0.5964
PLL,Basic Materials,0.5949
DVAX,Healthcare,0.5948
UIS,Technology,0.5948
SRE,Utilities,0.5948
SCHL,Communication Services,0.5948
ROP,Technology,0.5948
OVBC,Financial Services,0.5948
PESI,Industrials,0.5948
QCRH,Financial Services,0.5948
LOPE,Consumer Defensive,0.5948
LSTR,Industrials,0.5948
OSK,Industrials,0.5948
ENTG,Technology,0.5948
LMNR,Consumer Defensive,0.5948
SSYS,Technology,0.5948
AP,Industrials,0.5948
PRU,Financial Services,0.5948
EBAY,Consumer Cyclical,0.5948
PRO,Technology,0.5948
FCEL,Industrials,0.5948
FCBC,Financial Services,0.5948
PAA,Energy,0.5948
BANC,Financial Services,0.5948
WEYS,Consumer Cyclical,0.5948
CSPI,Technology,0.5948
UTL,Utilities,0.5948
PKOH,Industrials,0.5948
PNW,Utilities,0.5948
PLBC,Financial Services,0.5948
BIO,Healthcare,0.5948
PHX,Energy,0.5948
BKH,Utilities,0.5948
CHEF,Consumer Defensive,0.5948
MYGN,Healthcare,0.5948
NKTR,Healthcare,0.5948
UBOH,Financial Services,0.5948
ADUS,Healthcare,0.5948
IPAR,Consumer Defensive,0.5948
ARE,Real Estate,0.5948
CBSH,Financial Services,0.5948
KLIC,Technology,0.5948
TAST,Consumer Cyclical,0.5948
STRT,Consumer Cyclical,0.5948
HUBG,Industrials,0.5948
RS,Basic Materials,0.5948
SYPR,Consumer Cyclical,0.5948
UGP,Energy,0.5948
CJJD,Healthcare,0.5948
PATH,Technology,0.5933
ATRI,Healthcare,0.5928
SWK,Industrials,0.5928
ATSG,Industrials,0.5928
TSN,Consumer Defensive,0.5928
NXC,Financial Services,0.5928
AVY,Consumer Cyclical,0.5928
AVGO,Technology,0.5928
ROG,Technology,0.5928
LECO,Industrials,0.5928
MANH,Technology,0.5928
CLIR,Industrials,0.5928
CNMD,Healthcare,0.5928
COHR,Technology,0.5928
CPIX,Healthcare,0.5928
SLGN,Consumer Cyclical,0.5928
MLAB,Technology,0.5928
BNS,Financial Services,0.5928
YORW,Utilities,0.5928
UBS,Financial Services,0.5928
MBWM,Financial Services,0.5928
NDAQ,Financial Services,0.5928
ACN,Technology,0.5928
BFIN,Financial Services,0.5928
CACC,Financial Services,0.5928
BFK,Financial Services,0.5928
SENEA,Consumer Defensive,0.5928
OSIS,Technology,0.5928
HIFS,Financial Services,0.5928
QNST,Communication Services,0.5928
HURN,Industrials,0.5928
DXLG,Consumer Cyclical,0.5928
LPTH,Technology,0.5928
LIVE,Consumer Cyclical,0.5928
FHN,Financial Services,0.5928
OI,Consumer Cyclical,0.5928
NWN,Utilities,0.5928
ATLC,Financial Services,0.5928
PBYI,Healthcare,0.5928
ICCC,Healthcare,0.5928
FLXS,Consumer Cyclical,0.5928
EXPD,Industrials,0.5928
GIII,Consumer Cyclical,0.5928
PEG,Utilities,0.5928
PHG,Healthcare,0.5928
PFN,Financial Services,0.5928
ANIP,Healthcare,0.5928
AGM,Financial Services,0.5928
JCTCF,Basic Materials,0.5928
GRFS,Healthcare,0.5928
PRTA,Healthcare,0.5928
ONB,Financial Services,0.5928
PODD,Healthcare,0.5928
TAC,Utilities,0.5928
RH,Consumer Cyclical,0.5928
PETS,Healthcare,0.5928
OII,Energy,0.5928
PTCT,Healthcare,0.5928
BKCC,Financial Services,0.5919
FLWS,Consumer Cyclical,0.5908
HCSG,Healthcare,0.5908
ABM,Industrials,0.5908
AGNC,Real Estate,0.5908
PBI,Industrials,0.5908
FC,Consumer Defensive,0.5908
TGTX,Healthcare,0.5908
NDLS,Consumer Cyclical,0.5908
IMOS,Technology,0.5908
MCHX,Communication Services,0.5908
BFAM,Consumer Cyclical,0.5908
SNY,Healthcare,0.5908
VIRC,Consumer Cyclical,0.5908
SAR,Financial Services,0.5908
ADP,Industrials,0.5908
NVEC,Technology,0.5908
SATS,Technology,0.5908
TBNK,Financial Services,0.5908
R,Industrials,0.5908
SBCF,Financial Services,0.5908
AAME,Financial Services,0.5908
UBFO,Financial Services,0.5908
PNM,Utilities,0.5908
BNY,Financial Services,0.5908
NWBI,Financial Services,0.5908
SAP,Technology,0.5908
SAN,Financial Services,0.5908
TDS,Communication Services,0.5908
SLAB,Technology,0.5908
PLD,Real Estate,0.5908
EML,Industrials,0.5908
WABC,Financial Services,0.5908
BH,Consumer Cyclical,0.5908
MRTN,Industrials,0.5908
PFG,Financial Services,0.5908
KINS,Financial Services,0.5908
THO,Consumer Cyclical,0.5908
AOD,Financial Services,0.5908
SMBC,Financial Services,0.5908
PKX,Basic Materials,0.5908
ORA,Utilities,0.5908
OCC,Technology,0.5908
TTEC,Technology,0.5908
OFS,Financial Services,0.5908
TILE,Industrials,0.5908
ALSN,Consumer Cyclical,0.5908
AUBN,Financial Services,0.5908
MNKD,Healthcare,0.5908
DAVE,Technology,0.5906
CZR,Consumer Cyclical,0.5904
ADT,Industrials,0.5892
SURG,Technology,0.5892
SVM,Basic Materials,0.5891
LIFE,Healthcare,0.5889
CNET,Communication Services,0.5888
OMAB,Industrials,0.5888
CVCY,Financial Services,0.5888
CVV,Industrials,0.5888
MNST,Consumer Defensive,0.5888
ASC,Industrials,0.5888
SIGA,Healthcare,0.5888
FRME,Financial Services,0.5888
GBDC,Financial Services,0.5888
CHMG,Financial Services,0.5888
BMY,Healthcare,0.5888
BKE,Consumer Cyclical,0.5888
FSFG,Financial Services,0.5888
SIMO,Technology,0.5888
PSF,Financial Services,0.5888
PPT,Financial Services,0.5888
PKBK,Financial Services,0.5888
SFST,Financial Services,0.5888
LCUT,Consumer Cyclical,0.5888
BLIN,Technology,0.5888
WPRT,Consumer Cyclical,0.5888
SFNC,Financial Services,0.5888
PML,Financial Services,0.5888
RDN,Financial Services,0.5888
EDUC,Communication Services,0.5888
ANSS,Technology,0.5888
GOLD,Basic Materials,0.5888
ARAY,Healthcare,0.5888
RVSB,Financial Services,0.5888
GIFI,Industrials,0.5888
ARKR,Consumer Cyclical,0.5888
WAFD,Financial Services,0.5888
OCN,Financial Services,0.5888
LBAI,Financial Services,0.5888
TBI,Industrials,0.5888
GPRE,Basic Materials,0.5888
PRMW,Consumer Defensive,0.5888
FFIN,Financial Services,0.5888
STX,Technology,0.5888
AMCX,Communication Services,0.5888
UTHR,Healthcare,0.5888
DIOD,Technology,0.5888
LPLA,Financial Services,0.5888
AMP,Financial Services,0.5888
HIBB,Consumer Cyclical,0.5888
KALU,Basic Materials,0.5888
PCG,Utilities,0.5888
CACI,Technology,0.5888
HURC,Industrials,0.5868
ICAD,Healthcare,0.5868
GLAD,Financial Services,0.5868
NICK,Financial Services,0.5868
NWPX,Industrials,0.5868
ERII,Industrials,0.5868
OFLX,Industrials,0.5868
SMSI,Technology,0.5868
RYAAY,Industrials,0.5868
POWL,Industrials,0.5868
RDNT,Healthcare,0.5868
HOMB,Financial Services,0.5868
GOOD,Real Estate,0.5868
IDXX,Healthcare,0.5868
SKYW,Industrials,0.5868
HNRG,Energy,0.5868
MU,Technology,0.5868
CTBI,Financial Services,0.5868
CSIQ,Technology,0.5868
GAIA,Communication Services,0.5868
MGRC,Industrials,0.5868
DJCO,Technology,0.5868
ZUMZ,Consumer Cyclical,0.5868
SU,Energy,0.5868
ATR,Healthcare,0.5868
CAE,Industrials,0.5868
FCX,Basic Materials,0.5868
SUP,Consumer Cyclical,0.5868
THC,Healthcare,0.5868
TLK,Communication Services,0.5868
SCS,Industrials,0.5868
PMF,Financial Services,0.5868
RL,Consumer Cyclical,0.5868
BOOM,Energy,0.5868
NUV,Financial Services,0.5868
APA,Energy,0.5868
BUSE,Financial Services,0.5868
ACOR,Healthcare,0.5868
ACHC,Healthcare,0.5868
AGO,Financial Services,0.5868
YUM,Consumer Cyclical,0.5868
PSA,Real Estate,0.5868
AIN,Consumer Cyclical,0.5868
AGEN,Healthcare,0.5868
FFA,Financial Services,0.5868
SQM,Basic Materials,0.5868
AVA,Utilities,0.5868
CHUY,Consumer Cyclical,0.5868
ABR,Real Estate,0.5868
BDN,Real Estate,0.5868
BOE,Financial Services,0.5868
BGB,Financial Services,0.5868
SSTK,Communication Services,0.5868
SE,Consumer Cyclical,0.5859
ASTI,Technology,0.5854
ULBI,Industrials,0.5848
PFBC,Financial Services,0.5848
PRPH,Healthcare,0.5848
BDC,Technology,0.5848
WAB,Industrials,0.5848
WBS,Financial Services,0.5848
PCAR,Industrials,0.5848
XOM,Energy,0.5848
PDFS,Technology,0.5848
GLRE,Financial Services,0.5848
CZNC,Financial Services,0.5848
BWEN,Industrials,0.5848
ESGR,Financial Services,0.5848
AON,Financial Services,0.5848
BGC,Financial Services,0.5848
SNFCA,Financial Services,0.5848
DORM,Consumer Cyclical,0.5848
ACTG,Industrials,0.5848
APEI,Consumer Defensive,0.5848
NUW,Financial Services,0.5848
FCNCA,Financial Services,0.5848
AMGN,Healthcare,0.5848
SEAC,Technology,0.5848
SCOR,Communication Services,0.5848
FET,Energy,0.5848
FIVE,Consumer Cyclical,0.5848
CBRL,Consumer Cyclical,0.5848
PIM,Financial Services,0.5848
RGA,Financial Services,0.5848
NFLX,Communication Services,0.5848
STE,Healthcare,0.5848
LKQ,Consumer Cyclical,0.5848
WSBC,Financial Services,0.5848
VNET,Technology,0.5848
KNDI,Consumer Cyclical,0.5848
SQNS,Technology,0.5848
HWBK,Financial Services,0.5848
QUAD,Industrials,0.5848
TSI,Financial Services,0.5848
WHLR,Real Estate,0.5848
KELYA,Industrials,0.5848
MDRX,Healthcare,0.5848
MELI,Consumer Cyclical,0.5848
CWBC,Financial Services,0.5848
ODFL,Industrials,0.5848
STK,Financial Services,0.5848
PYN,Financial Services,0.5848
YY,Communication Services,0.5848
PMM,Financial Services,0.5848
LEDS,Technology,0.5848
ZBRA,Technology,0.5848
STWD,Real Estate,0.5848
AJG,Financial Services,0.5848
PMX,Financial Services,0.5848
WWD,Industrials,0.5848
HLIT,Technology,0.5848
SXI,Industrials,0.5848
UHS,Healthcare,0.5848
SXT,Basic Materials,0.5848
PPL,Utilities,0.5848
CNTY,Consumer Cyclical,0.5848
TYL,Technology,0.5848
ITRN,Technology,0.5848
INVE,Technology,0.5828
HALL,Financial Services,0.5828
PAI,Financial Services,0.5828
PWR,Industrials,0.5828
FBNC,Financial Services,0.5828
HSIC,Healthcare,0.5828
PFD,Financial Services,0.5828
HOFT,Consumer Cyclical,0.5828
ASYS,Technology,0.5828
TWI,Industrials,0.5828
URI,Industrials,0.5828
HCKT,Technology,0.5828
SRCL,Industrials,0.5828
AXR,Real Estate,0.5828
UNH,Healthcare,0.5828
BANF,Financial Services,0.5828
OXM,Consumer Cyclical,0.5828
PXLW,Technology,0.5828
III,Technology,0.5828
SPE,Financial Services,0.5828
GALT,Healthcare,0.5828
TRI,Industrials,0.5828
FSBW,Financial Services,0.5828
RRGB,Consumer Cyclical,0.5828
RUSHA,Consumer Cyclical,0.5828
NTIC,Basic Materials,0.5828
SANM,Technology,0.5828
NWSA,Communication Services,0.5828
AKAM,Technology,0.5828
REG,Real Estate,0.5828
TUP,Consumer Cyclical,0.5828
FITB,Financial Services,0.5828
TAP,Consumer Defensive,0.5828
SBUX,Consumer Cyclical,0.5828
UNF,Industrials,0.5828
FDS,Financial Services,0.5828
CRWS,Consumer Cyclical,0.5828
TWIN,Industrials,0.5828
AGRO,Consumer Defensive,0.5828
WASH,Financial Services,0.5828
AKR,Real Estate,0.5828
BGFV,Consumer Cyclical,0.5828
VIA,Utilities,0.5828
BCOV,Technology,0.5828
CUTR,Healthcare,0.5828
ALL,Financial Services,0.5828
AFT,Financial Services,0.5828
TRIB,Healthcare,0.5828
CYTK,Healthcare,0.5828
CROX,Consumer Cyclical,0.5828
AXL,Consumer Cyclical,0.5828
DWSN,Energy,0.5828
AOS,Industrials,0.5828
QIWI,Technology,0.5823
THRD,Healthcare,0.5823
BRP,Financial Services,0.5822
BTU,Energy,0.5819
BTE,Energy,0.5808
MPWR,Technology,0.5808
CAC,Financial Services,0.5808
PTEN,Energy,0.5808
BVN,Basic Materials,0.5808
UBCP,Financial Services,0.5808
WDFC,Basic Materials,0.5808
SA,Basic Materials,0.5808
SCI,Consumer Cyclical,0.5808
SBGI,Communication Services,0.5808
CVGW,Consumer Defensive,0.5808
BYD,Consumer Cyclical,0.5808
FORR,Industrials,0.5808
AGYS,Technology,0.5808
BLKB,Technology,0.5808
RDHL,Healthcare,0.5808
BMRN,Healthcare,0.5808
VRNT,Technology,0.5808
TRMK,Financial Services,0.5808
GBCI,Financial Services,0.5808
NVDA,Technology,0.5808
POST,Consumer Defensive,0.5808
NCLH,Consumer Cyclical,0.5808
PLPC,Industrials,0.5808
CONN,Consumer Cyclical,0.5808
PMO,Financial Services,0.5808
SOHU,Communication Services,0.5808
ASTC,Industrials,0.5808
MCHP,Technology,0.5808
AWF,Financial Services,0.5808
BCC,Basic Materials,0.5808
AWH,Healthcare,0.5808
BEP,Utilities,0.5808
AIZ,Financial Services,0.5808
STAA,Healthcare,0.5808
CATY,Financial Services,0.5808
KTCC,Technology,0.5808
SYK,Healthcare,0.5808
STRL,Industrials,0.5808
ACM,Industrials,0.5808
CNSL,Communication Services,0.5808
USA,Financial Services,0.5808
CPRT,Industrials,0.5808
XEL,Utilities,0.5808
TCBK,Financial Services,0.5808
APOG,Industrials,0.5808
PCN,Financial Services,0.5808
AVK,Financial Services,0.5808
FBMS,Financial Services,0.5808
SMCI,Technology,0.5808
UCBI,Financial Services,0.5808
TEL,Technology,0.5808
INFA,Technology,0.5806
CBNK,Financial Services,0.5806
CMLS,Communication Services,0.5804
TGH,Industrials,0.5798
NINE,Energy,0.5796
AA,Basic Materials,0.5788
PRTS,Consumer Cyclical,0.5788
QDEL,Healthcare,0.5788
CG,Financial Services,0.5788
AHH,Real Estate,0.5788
APO,Financial Services,0.5788
NVS,Healthcare,0.5788
NWFL,Financial Services,0.5788
OLP,Real Estate,0.5788
PSEC,Financial Services,0.5788
ARC,Industrials,0.5788
POR,Utilities,0.5788
NWE,Utilities,0.5788
USAP,Basic Materials,0.5788
PRGS,Technology,0.5788
NYMT,Real Estate,0.5788
TTP,Financial Services,0.5788
PFO,Financial Services,0.5788
TU,Communication Services,0.5788
CAAS,Consumer Cyclical,0.5788
PCH,Real Estate,0.5788
ERIE,Financial Services,0.5788
TKC,Communication Services,0.5788
FLIC,Financial Services,0.5788
SEE,Consumer Cyclical,0.5788
TCBI,Financial Services,0.5788
SHW,Basic Materials,0.5788
SIG,Consumer Cyclical,0.5788
EEFT,Technology,0.5788
TAL,Consumer Defensive,0.5788
SPH,Utilities,0.5788
BLK,Financial Services,0.5788
AMSC,Industrials,0.5788
VRSN,Technology,0.5788
AOSL,Technology,0.5788
AMWD,Consumer Cyclical,0.5788
COST,Consumer Defensive,0.5788
SLF,Financial Services,0.5788
TGI,Industrials,0.5788
ST,Technology,0.5788
ALKS,Healthcare,0.5788
MAG,Basic Materials,0.5788
NUE,Basic Materials,0.5788
SPB,Consumer Defensive,0.5788
HAYN,Industrials,0.5788
RVT,Financial Services,0.5788
INCY,Healthcare,0.5788
RQI,Financial Services,0.5788
RLJ,Real Estate,0.5788
EMKR,Technology,0.5788
BWG,Financial Services,0.5788
AFG,Financial Services,0.5788
FIF,Financial Services,0.5788
BODY,Communication Services,0.5786
S,Technology,0.5786
OXLCP,Financial Services,0.5782
AHL-PC,Financial Services,0.5778
REXR,Real Estate,0.5768
TDG,Industrials,0.5768
UNFI,Consumer Defensive,0.5768
CORT,Healthcare,0.5768
LOGI,Technology,0.5768
CASY,Consumer Cyclical,0.5768
STT,Financial Services,0.5768
LAKE,Consumer Cyclical,0.5768
SPG,Real Estate,0.5768
SKX,Consumer Cyclical,0.5768
TEO,Communication Services,0.5768
THR,Industrials,0.5768
NTCT,Technology,0.5768
NSIT,Technology,0.5768
CSCO,Technology,0.5768
TPC,Industrials,0.5768
HSTM,Healthcare,0.5768
CENT,Consumer Defensive,0.5768
MMLP,Energy,0.5768
SNA,Industrials,0.5768
MIDD,Industrials,0.5768
SLB,Energy,0.5768
VECO,Technology,0.5768
MERC,Basic Materials,0.5768
PPG,Basic Materials,0.5768
CPRX,Healthcare,0.5768
SUPN,Healthcare,0.5768
PGC,Financial Services,0.5768
FONR,Healthcare,0.5768
UFCS,Financial Services,0.5768
BRKR,Healthcare,0.5768
ARL,Real Estate,0.5768
NYT,Communication Services,0.5768
EBTC,Financial Services,0.5768
AMAT,Technology,0.5768
OKE,Energy,0.5768
YPF,Energy,0.5768
BSL,Financial Services,0.5768
FFBC,Financial Services,0.5768
PSMT,Consumer Defensive,0.5768
DENN,Consumer Cyclical,0.5768
ARCC,Financial Services,0.5768
SPTN,Consumer Defensive,0.5768
BRFS,Consumer Defensive,0.5768
BFZ,Financial Services,0.5768
AWP,Financial Services,0.5768
PERI,Communication Services,0.5768
TACT,Technology,0.5768
TIGR,Financial Services,0.5765
ABBV,Healthcare,0.5749
TOWN,Financial Services,0.5749
RFI,Financial Services,0.5749
ATO,Utilities,0.5749
SBNY,Financial Services,0.5749
UMBF,Financial Services,0.5749
SAM,Consumer Defensive,0.5749
SCM,Financial Services,0.5749
SBLK,Industrials,0.5749
LARK,Financial Services,0.5749
AEL,Financial Services,0.5749
BCPC,Basic Materials,0.5749
AXGN,Healthcare,0.5749
CLDX,Healthcare,0.5749
BCO,Industrials,0.5749
THG,Financial Services,0.5749
AVNW,Technology,0.5749
STC,Financial Services,0.5749
LOAN,Real Estate,0.5749
CHKP,Technology,0.5749
FARO,Technology,0.5749
AUDC,Technology,0.5749
BHP,Basic Materials,0.5749
ADX,Financial Services,0.5749
WLDN,Industrials,0.5749
TRNO,Real Estate,0.5749
PENN,Consumer Cyclical,0.5749
TTGT,Communication Services,0.5749
UAL,Industrials,0.5749
OTEX,Technology,0.5749
NWL,Consumer Defensive,0.5749
PGZ,Financial Services,0.5749
CASS,Industrials,0.5749
QGEN,Healthcare,0.5749
GSBC,Financial Services,0.5749
IBKR,Financial Services,0.5749
PAM,Utilities,0.5749
WAT,Healthcare,0.5749
SPRO,Healthcare,0.5741
ALIM,Healthcare,0.574
GT,Consumer Cyclical,0.5729
UTI,Consumer Defensive,0.5729
BSX,Healthcare,0.5729
AMSF,Financial Services,0.5729
TDC,Technology,0.5729
PVH,Consumer Cyclical,0.5729
MNRO,Consumer Cyclical,0.5729
WERN,Industrials,0.5729
JBLU,Industrials,0.5729
CAKE,Consumer Cyclical,0.5729
TCPC,Financial Services,0.5729
BMA,Financial Services,0.5729
BLW,Financial Services,0.5729
TEX,Industrials,0.5729
BHK,Financial Services,0.5729
SNCR,Technology,0.5729
CVBF,Financial Services,0.5729
CENX,Basic Materials,0.5729
PFX,Financial Services,0.5729
SBAC,Real Estate,0.5729
RES,Energy,0.5729
NVO,Healthcare,0.5729
IBTX,Financial Services,0.5729
AAT,Real Estate,0.5729
CRVL,Financial Services,0.5729
FUNC,Financial Services,0.5729
RGP,Industrials,0.5729
RIG,Energy,0.5729
CSGP,Real Estate,0.5729
TPH,Consumer Cyclical,0.5729
VSEC,Industrials,0.5729
TTC,Industrials,0.5729
SPNS,Technology,0.5729
PAYX,Industrials,0.5729
BLDR,Industrials,0.5729
MTRX,Industrials,0.5729
USB,Financial Services,0.5729
INTT,Technology,0.5729
BWA,Consumer Cyclical,0.5729
MTSI,Technology,0.5729
AI,Technology,0.5714
DELL,Technology,0.5714
SRV,Financial Services,0.5709
LKFN,Financial Services,0.5709
PPBI,Financial Services,0.5709
PLAB,Technology,0.5709
LFUS,Technology,0.5709
ALV,Consumer Cyclical,0.5709
PNNT,Financial Services,0.5709
ACP,Financial Services,0.5709
AXP,Financial Services,0.5709
STRS,Real Estate,0.5709
LGND,Healthcare,0.5709
RBA,Industrials,0.5709
ORLY,Consumer Cyclical,0.5709
BHE,Technology,0.5709
RGLD,Basic Materials,0.5709
RICK,Consumer Cyclical,0.5709
FE,Utilities,0.5709
RLI,Financial Services,0.5709
ROST,Consumer Cyclical,0.5709
ASX,Technology,0.5709
FCF,Financial Services,0.5709
SAIA,Industrials,0.5709
TTEK,Industrials,0.5709
VOXX,Technology,0.5709
SBR,Energy,0.5709
NYCB,Financial Services,0.5709
QUIK,Technology,0.5709
AVB,Real Estate,0.5709
OCFC,Financial Services,0.5709
OHI,Real Estate,0.5709
AVD,Basic Materials,0.5709
OMC,Communication Services,0.5709
REGN,Healthcare,0.5709
BRY,Energy,0.5709
SGMO,Healthcare,0.5709
MASI,Healthcare,0.5709
SNV,Financial Services,0.5709
PRGO,Healthcare,0.5709
CMCSA,Communication Services,0.5709
ACNB,Financial Services,0.5709
CASH,Financial Services,0.5709
DCOM,Financial Services,0.5709
BBSI,Industrials,0.5709
TMHC,Consumer Cyclical,0.5709
TNP,Energy,0.5709
AMKR,Technology,0.5709
CGO,Financial Services,0.5709
GASS,Industrials,0.5709
XYL,Industrials,0.5709
TV,Communication Services,0.5709
GRPN,Communication Services,0.5709
CLNE,Energy,0.5709
TEVA,Healthcare,0.5709
AAN,Industrials,0.5706
PL,Industrials,0.5705
ALVR,Healthcare,0.5699
YNDX,Communication Services,0.5696
COOL,Financial Services,0.5696
BELFB,Technology,0.5689
INOD,Technology,0.5689
SMTC,Technology,0.5689
MYRG,Industrials,0.5689
ESPR,Healthcare,0.5689
PLOW,Consumer Cyclical,0.5689
AYI,Industrials,0.5689
IRIX,Healthcare,0.5689
BMI,Technology,0.5689
ASR,Industrials,0.5689
SJT,Energy,0.5689
BOSC,Technology,0.5689
DSGX,Technology,0.5689
ISSC,Industrials,0.5689
BME,Financial Services,0.5689
BOH,Financial Services,0.5689
USM,Communication Services,0.5689
JAZZ,Healthcare,0.5689
PNR,Industrials,0.5689
PCQ,Financial Services,0.5689
OMER,Healthcare,0.5689
TXT,Industrials,0.5689
VBF,Financial Services,0.5689
PXD,Energy,0.5689
WAL,Financial Services,0.5689
CLFD,Technology,0.5689
IART,Healthcare,0.5689
HBCP,Financial Services,0.5689
OIA,Financial Services,0.5689
XRAY,Healthcare,0.5689
TREX,Industrials,0.5689
NNBR,Industrials,0.5689
BSET,Consumer Cyclical,0.5689
ATRC,Healthcare,0.5689
CHDN,Consumer Cyclical,0.5689
UFPT,Healthcare,0.5689
CTAS,Industrials,0.5689
AEE,Utilities,0.5689
LXRX,Healthcare,0.5689
UVSP,Financial Services,0.5689
TEF,Communication Services,0.5689
CWCO,Utilities,0.5689
LQDT,Consumer Cyclical,0.5689
WSFS,Financial Services,0.5689
AEP,Utilities,0.5689
BOLT,Healthcare,0.5687
SMPL,Consumer Defensive,0.5676
VC,Consumer Cyclical,0.5669
OSBC,Financial Services,0.5669
UL,Consumer Defensive,0.5669
SLG,Real Estate,0.5669
SHBI,Financial Services,0.5669
RPM,Basic Materials,0.5669
BRO,Financial Services,0.5669
BR,Technology,0.5669
EXTR,Technology,0.5669
SAVE,Industrials,0.5669
UPS,Industrials,0.5669
KVHI,Technology,0.5669
EXPE,Consumer Cyclical,0.5669
VICR,Technology,0.5669
HFWA,Financial Services,0.5669
MAT,Consumer Cyclical,0.5669
HMST,Financial Services,0.5669
VRSK,Industrials,0.5669
ONB,Financial Services,0.5669
TDY,Technology,0.5669
XRX,Technology,0.5669
CGEN,Healthcare,0.5669
RBC,Industrials,0.5669
OLED,Technology,0.5669
ODC,Basic Materials,0.5669
ESLT,Industrials,0.5669
ROIC,Real Estate,0.5669
SSD,Basic Materials,0.5669
FWRD,Industrials,0.5669
CMTL,Technology,0.5669
PMD,Healthcare,0.5669
IESC,Industrials,0.5669
ROCK,Industrials,0.5669
CINF,Financial Services,0.5669
SBS,Utilities,0.5669
MOFG,Financial Services,0.5669
T,Communication Services,0.5669
TISI,Industrials,0.5669
TITN,Industrials,0.5669
TGS,Energy,0.5669
AZZ,Industrials,0.5669
UNTY,Financial Services,0.5669
ALE,Utilities,0.5669
BDJ,Financial Services,0.5669
ENSG,Healthcare,0.5669
MSTR,Technology,0.5669
VSTM,Healthcare,0.5649
PROV,Financial Services,0.5649
PCF,Financial Services,0.5649
SKT,Real Estate,0.5649
SGU,Energy,0.5649
UFI,Consumer Cyclical,0.5649
CCRN,Healthcare,0.5649
AEM,Basic Materials,0.5649
NTGR,Technology,0.5649
MHLD,Financial Services,0.5649
ADI,Technology,0.5649
GSIT,Technology,0.5649
MCBC,Financial Services,0.5649
GSM,Basic Materials,0.5649
ICLR,Healthcare,0.5649
ISRG,Healthcare,0.5649
TRP,Energy,0.5649
CRESY,Industrials,0.5649
EGBN,Financial Services,0.5649
ADC,Real Estate,0.5649
AER,Industrials,0.5649
PZZA,Consumer Cyclical,0.5649
JACK,Consumer Cyclical,0.5649
DMRC,Technology,0.5649
RGS,Consumer Cyclical,0.5649
SNN,Healthcare,0.5649
AVAV,Industrials,0.5649
BCX,Financial Services,0.5649
SLP,Healthcare,0.5649
FAST,Industrials,0.5649
SAMG,Financial Services,0.5649
SNPS,Technology,0.5649
UEIC,Technology,0.5649
WRLD,Financial Services,0.5649
CERS,Healthcare,0.5649
BCS,Financial Services,0.5649
UMC,Technology,0.5649
KLAC,Technology,0.5649
ALGT,Industrials,0.5649
FIZZ,Consumer Defensive,0.5649
FOLD,Healthcare,0.5649
SLCA,Energy,0.5649
LINC,Consumer Defensive,0.5649
SB,Industrials,0.5649
AGNCP,Real Estate,0.564
ATAI,Healthcare,0.5634
WSTL,Technology,0.5633
TSCO,Consumer Cyclical,0.5629
PCRX,Healthcare,0.5629
PHT,Financial Services,0.5629
PDM,Real Estate,0.5629
PLXS,Technology,0.5629
AMT,Real Estate,0.5629
PCYO,Utilities,0.5629
PLUG,Industrials,0.5629
PGR,Financial Services,0.5629
TXN,Technology,0.5629
TTWO,Communication Services,0.5629
WHF,Financial Services,0.5629
GTLS,Industrials,0.5629
CRAI,Industrials,0.5629
SPSC,Technology,0.5629
GBLI,Financial Services,0.5629
TROW,Financial Services,0.5629
CAMT,Technology,0.5629
CVCO,Consumer Cyclical,0.5629
WIRE,Industrials,0.5629
ARWR,Healthcare,0.5629
SLMBP,Financial Services,0.5629
STLD,Basic Materials,0.5629
AZO,Consumer Cyclical,0.5629
SGMA,Technology,0.5629
AZN,Healthcare,0.5629
SCVL,Consumer Cyclical,0.5629
CEVA,Technology,0.5629
FCT,Financial Services,0.5629
FSLR,Technology,0.5629
ADSK,Technology,0.5629
RMBS,Technology,0.5629
GAIN,Financial Services,0.5629
CIEN,Technology,0.5629
OFG,Financial Services,0.5629
QQQX,Financial Services,0.5629
ALG,Industrials,0.5629
ORCL,Technology,0.5629
PAR,Technology,0.5629
DRRX,Healthcare,0.5629
CAMP,Technology,0.5629
LBTYK,Communication Services,0.5629
JKHY,Technology,0.5629
MGEE,Utilities,0.5629
IPGP,Technology,0.5629
KRNY,Financial Services,0.5629
TY,Financial Services,0.5629
MPAA,Consumer Cyclical,0.5629
NTRS,Financial Services,0.5629
LSCC,Technology,0.5629
ICUI,Healthcare,0.5629
SO,Utilities,0.5629
MITK,Technology,0.5629
TDF,Financial Services,0.5629
JBHT,Industrials,0.5629
Z,Communication Services,0.5616
PGTI,Industrials,0.5614
TW,Financial Services,0.5613
TRN,Industrials,0.5609
MORN,Financial Services,0.5609
RIO,Basic Materials,0.5609
BZH,Consumer Cyclical,0.5609
AFB,Financial Services,0.5609
RCMT,Industrials,0.5609
AG,Basic Materials,0.5609
AME,Industrials,0.5609
PBR,Energy,0.5609
BANR,Financial Services,0.5609
AEHR,Technology,0.5609
TJX,Consumer Cyclical,0.5609
TPX,Consumer Cyclical,0.5609
BERY,Consumer Cyclical,0.5609
DXCM,Healthcare,0.5609
CHRW,Industrials,0.5609
FSTR,Industrials,0.5609
ASA,Financial Services,0.5609
SON,Consumer Cyclical,0.5609
SRI,Consumer Cyclical,0.5609
BGT,Financial Services,0.5609
TC,Communication Services,0.5609
FUND,Financial Services,0.5609
MSFT,Technology,0.5609
WSBF,Financial Services,0.5609
NTAP,Technology,0.5609
AGI,Basic Materials,0.5609
ABT,Healthcare,0.5609
MDLZ,Consumer Defensive,0.5609
SMFG,Financial Services,0.5609
SGC,Consumer Cyclical,0.5609
HAS,Consumer Cyclical,0.5609
HIMX,Technology,0.5609
PEB,Real Estate,0.5609
SM,Energy,0.5609
TOL,Consumer Cyclical,0.5609
PRLB,Industrials,0.5609
SYBT,Financial Services,0.5609
BK,Financial Services,0.5609
DAIO,Technology,0.5609
RRC,Energy,0.5609
NATL,Technology,0.56
PG,Consumer Defensive,0.5589
ATNI,Communication Services,0.5589
HAIN,Consumer Defensive,0.5589
NXPI,Technology,0.5589
PSX,Energy,0.5589
BCBP,Financial Services,0.5589
STZ,Consumer Defensive,0.5589
PEBK,Financial Services,0.5589
SLRC,Financial Services,0.5589
SWX,Utilities,0.5589
CLMT,Energy,0.5589
LBTYA,Communication Services,0.5589
INTU,Technology,0.5589
AWK,Utilities,0.5589
PNC,Financial Services,0.5589
CDW,Technology,0.5589
ERIC,Technology,0.5589
ILMN,Healthcare,0.5589
CFFN,Financial Services,0.5589
AIV,Real Estate,0.5589
TPL,Energy,0.5589
AL,Industrials,0.5589
WLFC,Industrials,0.5589
COKE,Consumer Defensive,0.5589
FNLC,Financial Services,0.5589
ADTN,Technology,0.5589
NBIX,Healthcare,0.5589
RGEN,Healthcare,0.5589
APH,Technology,0.5589
PANW,Technology,0.5589
MATW,Industrials,0.5589
BLUE,Healthcare,0.5589
FGB,Financial Services,0.5589
ATI,Industrials,0.5589
CCBG,Financial Services,0.5589
SEED,Basic Materials,0.5589
PACB,Healthcare,0.5589
MGAM,Communication Services,0.5581
PEP,Consumer Defensive,0.5569
RJF,Financial Services,0.5569
CUBI,Financial Services,0.5569
SWZ,Financial Services,0.5569
EXAS,Healthcare,0.5569
SBRA,Real Estate,0.5569
AEIS,Industrials,0.5569
PGP,Financial Services,0.5569
NTES,Communication Services,0.5569
GABC,Financial Services,0.5569
FLL,Consumer Cyclical,0.5569
SYNA,Technology,0.5569
PB,Financial Services,0.5569
RF,Financial Services,0.5569
ACRE,Real Estate,0.5569
AMBA,Technology,0.5569
COLB,Financial Services,0.5569
VTNR,Energy,0.5569
SRCE,Financial Services,0.5569
HOLI,Industrials,0.5569
RDWR,Technology,0.5569
KIRK,Consumer Cyclical,0.5569
HBNC,Financial Services,0.5569
IBCP,Financial Services,0.5569
BXP,Real Estate,0.5569
DHIL,Financial Services,0.5569
NVMI,Technology,0.5569
EGAN,Technology,0.5569
RKT,Financial Services,0.5568
AMNB,Financial Services,0.5553
POOL,Industrials,0.5549
SEM,Healthcare,0.5549
PFS,Financial Services,0.5549
SKY,Consumer Cyclical,0.5549
SWKS,Technology,0.5549
AMSWA,Technology,0.5549
RMT,Financial Services,0.5549
EHTH,Financial Services,0.5549
HELE,Consumer Defensive,0.5549
SWN,Energy,0.5549
ANGI,Communication Services,0.5549
BKD,Healthcare,0.5549
PBT,Energy,0.5549
TXRH,Consumer Cyclical,0.5549
CDNS,Technology,0.5549
ADM,Consumer Defensive,0.5549
IOSP,Basic Materials,0.5549
JOUT,Consumer Cyclical,0.5549
RFIL,Industrials,0.5549
OFIX,Healthcare,0.5549
AXTI,Technology,0.5549
CVGI,Consumer Cyclical,0.5549
SKM,Communication Services,0.5549
ASGN,Technology,0.5549
SSL,Basic Materials,0.5549
WINA,Consumer Cyclical,0.5549
SLM,Financial Services,0.5529
HBAN,Financial Services,0.5529
CRMT,Consumer Cyclical,0.5529
SUI,Real Estate,0.5529
LPSN,Technology,0.5529
FCCO,Financial Services,0.5529
NXP,Financial Services,0.5529
JBSS,Consumer Defensive,0.5529
BTO,Financial Services,0.5529
HAFC,Financial Services,0.5529
ENG,Industrials,0.5529
STAG,Real Estate,0.5529
FOXF,Consumer Cyclical,0.5529
AIG,Financial Services,0.5529
AU,Basic Materials,0.5529
MKTX,Financial Services,0.5529
APD,Basic Materials,0.5529
PFLT,Financial Services,0.5529
ASTE,Industrials,0.5529
BLMN,Consumer Cyclical,0.5529
UA,Consumer Cyclical,0.5517
MLNK,Technology,0.5515
ARRY,Technology,0.5511
DMLP,Energy,0.5509
ASML,Technology,0.5509
EFSC,Financial Services,0.5509
TNK,Energy,0.5509
FDP,Consumer Defensive,0.5509
TEI,Financial Services,0.5509
MCRI,Consumer Cyclical,0.5509
ACAD,Healthcare,0.5509
CGNX,Technology,0.5509
QCOM,Technology,0.5509
LRCX,Technology,0.5509
NXST,Communication Services,0.5509
GLNG,Energy,0.5509
ORI,Financial Services,0.5509
HTBI,Financial Services,0.5509
PRIM,Industrials,0.5509
TER,Technology,0.5509
UFPI,Basic Materials,0.5509
ROL,Consumer Cyclical,0.5509
COLM,Consumer Cyclical,0.5509
PRAA,Financial Services,0.5509
PCK,Financial Services,0.5509
FOX,Communication Services,0.5508
GOODN,Real Estate,0.5502
ABCB,Financial Services,0.5489
OPY,Financial Services,0.5489
MTEX,Consumer Defensive,0.5489
TK,Energy,0.5489
SRDX,Healthcare,0.5489
PNF,Financial Services,0.5489
AAPL,Technology,0.5489
PMT,Real Estate,0.5489
TTMI,Technology,0.5489
TRV,Financial Services,0.5489
AMD,Technology,0.5489
NEO,Healthcare,0.5489
BTA,Financial Services,0.5489
CCNE,Financial Services,0.5489
NDSN,Industrials,0.5489
UCTT,Technology,0.5489
BGX,Financial Services,0.5489
AMED,Healthcare,0.5489
FTNT,Technology,0.5489
BGH,Financial Services,0.5489
SFM,Consumer Defensive,0.5489
AMZN,Consumer Cyclical,0.5489
FDUS,Financial Services,0.5489
ALB,Basic Materials,0.5489
RENT,Consumer Cyclical,0.5484
CPSI,Healthcare,0.5469
PBF,Energy,0.5469
FARM,Consumer Defensive,0.5469
BUD,Consumer Defensive,0.5469
PSO,Communication Services,0.5469
STRA,Consumer Defensive,0.5469
SCHW,Financial Services,0.5469
CHI,Financial Services,0.5469
LANC,Consumer Defensive,0.5469
ENPH,Technology,0.5469
AEG,Financial Services,0.5469
SBH,Consumer Cyclical,0.5469
MMSI,Healthcare,0.5469
HDSN,Basic Materials,0.5469
VOD,Communication Services,0.5469
LCNB,Financial Services,0.5469
INTC,Technology,0.5469
NXN,Financial Services,0.5469
X,Basic Materials,0.5469
BEAT,Healthcare,0.5455
MGPI,Consumer Defensive,0.5449
MMYT,Consumer Cyclical,0.5449
SNX,Technology,0.5449
EXEL,Healthcare,0.5449
FISI,Financial Services,0.5449
NWS,Communication Services,0.5449
FBIZ,Financial Services,0.5449
GRMN,Technology,0.5449
ESCA,Consumer Cyclical,0.5449
HSII,Industrials,0.5449
ACIW,Technology,0.5449
OGE,Utilities,0.5449
RYN,Real Estate,0.5449
AM,Energy,0.5444
SPLK,Technology,0.5434
MEIP,Healthcare,0.5429
PTSI,Industrials,0.5429
OMI,Healthcare,0.5429
NSTG,Healthcare,0.5429
SMLP,Energy,0.5429
ANDE,Consumer Defensive,0.5429
SIGI,Financial Services,0.5429
CHW,Financial Services,0.5429
SIRI,Communication Services,0.5429
CWST,Industrials,0.5429
CTSH,Technology,0.5429
SR,Utilities,0.5409
O,Real Estate,0.5409
ULTA,Consumer Cyclical,0.5409
USPH,Healthcare,0.5409
BIG,Consumer Defensive,0.5409
ITRI,Technology,0.5409
NBTB,Financial Services,0.5409
WTBA,Financial Services,0.5409
EGHT,Technology,0.5409
MRCY,Industrials,0.5409
CAF,Financial Services,0.5409
RMCF,Consumer Defensive,0.5409
SPWR,Technology,0.5409
ANGO,Healthcare,0.5409
IMKTA,Consumer Defensive,0.5409
PRA,Financial Services,0.5409
MOVE,Healthcare,0.539
INBK,Financial Services,0.5389
SHEN,Communication Services,0.5389
WEN,Consumer Cyclical,0.5389
UVV,Consumer Defensive,0.5389
MRVL,Technology,0.5389
BCH,Financial Services,0.5389
BZ,Industrials,0.5385
PAY,Technology,0.5379
FFIV,Technology,0.5369
BKN,Financial Services,0.5369
PRFT,Technology,0.5369
BG,Consumer Defensive,0.5369
SIX,Consumer Cyclical,0.5369
HTLD,Industrials,0.5369
SD,Energy,0.5356
CSGS,Technology,0.5349
AMRC,Industrials,0.5349
BIP,Utilities,0.5349
ORRF,Financial Services,0.5349
CHSCP,Consumer Defensive,0.5349
HBANP,Financial Services,0.5342
SDRL,Energy,0.5333
AAON,Industrials,0.5329
FULT,Financial Services,0.5329
WDC,Technology,0.5329
TBBK,Financial Services,0.5329
UHT,Real Estate,0.5329
EA,Communication Services,0.5329
AMH,Real Estate,0.5309
INDB,Financial Services,0.5309
PBH,Healthcare,0.5309
CENTA,Consumer Defensive,0.5309
NVR,Consumer Cyclical,0.5309
HTBK,Financial Services,0.5309
PCM,Financial Services,0.5289
AZPN,Technology,0.5289
PHM,Consumer Cyclical,0.5289
GOOG,Communication Services,0.5289
TWN,Financial Services,0.5289
XPO,Industrials,0.5289
CTRN,Consumer Cyclical,0.5289
SEIC,Financial Services,0.5289
ACI,Consumer Defensive,0.5288
DGII,Technology,0.5269
KTOS,Industrials,0.5269
THFF,Financial Services,0.5269
ONTX,Healthcare,0.5269
UMH,Real Estate,0.5269
UNP,Industrials,0.5269
ASUR,Technology,0.525
TSEM,Technology,0.525
DECK,Consumer Cyclical,0.525
XRTX,Healthcare,0.5234
PEGA,Technology,0.523
LULU,Consumer Cyclical,0.523
CSWC,Financial Services,0.523
FORM,Technology,0.523
BIIB,Healthcare,0.521
ARDC,Financial Services,0.521
SYY,Consumer Defensive,0.519
JJSF,Consumer Defensive,0.519
ACET,Healthcare,0.5176
CSQ,Financial Services,0.517
QLYS,Technology,0.517
TGT,Consumer Defensive,0.515
ADBE,Technology,0.515
RNA,Healthcare,0.513
RMD,Healthcare,0.513
WOOF,Consumer Cyclical,0.5092
BV,Industrials,0.4914
CART,Consumer Cyclical,0.4828
SN,Consumer Cyclical,0.3889
